<?xml version="1.0" encoding="UTF-8"?>
<extension type="plugin" group="finder" method="upgrade">
	<name>PLG_FINDER_VIRTUEMART_MANUFACTURERS</name>
	<author>Dudebaker</author>
	<authorEmail>@</authorEmail>
	<authorUrl>w</authorUrl>
	<creationDate>2024-07</creationDate>
	<copyright>(C) Open Source Matters, Inc.</copyright>
	<license>GNU General Public License version 2 or later</license>
	<version>1.2.1</version>
	<description>PLG_FINDER_VIRTUEMART_MANUFACTURERS_XML_DESCRIPTION</description>
	<namespace path="src">Joomla\Plugin\Finder\VirtuemartManufacturers</namespace>
	<files>
		<folder plugin="virtuemart_manufacturers">services</folder>
		<folder>src</folder>
	</files>
	<languages>
		<language tag="en-GB">language/en-GB/plg_finder_virtuemart_manufacturers.ini</language>
		<language tag="en-GB">language/en-GB/plg_finder_virtuemart_manufacturers.sys.ini</language>
		<language tag="de-DE">language/de-DE/plg_finder_virtuemart_manufacturers.ini</language>
		<language tag="de-DE">language/de-DE/plg_finder_virtuemart_manufacturers.sys.ini</language>
	</languages>
</extension>
