<?xml version="1.0" encoding="UTF-8"?>
<extension type="plugin" group="system" method="upgrade">
    <name>System - Virtuemart Finder Extender</name>
    <author>Dudebaker</author>
    <authorEmail>@</authorEmail>
    <authorUrl>w</authorUrl>
    <creationDate>2025-01</creationDate>
    <copyright>(C) Open Source Matters, Inc.</copyright>
    <license>GNU General Public License version 2 or later</license>
    <version>1.0.0</version>
    <namespace path="src">Joomla\Plugin\System\VirtuemartFinderExtender</namespace>
    <files>
        <folder plugin="virtuemart_finder_extender">services</folder>
        <folder>src</folder>
    </files>
</extension>